{"Et\u00e0": [40.38406544893931], "Grado di alcol": [6.967305251905907], "Colore": [1], "Gusto": [2], "Corpo/consistenza": [0], "Carbonatazione": [0], "Origine": [5]}